Cuisine,Price_four_two,Location,Dish_Price
17,300,25,180
7,300,25,220
17,300,25,220
54,300,25,160
54,300,25,230
54,300,25,340
7,300,25,160
13,300,43,67
9,400,43,525
5,200,37,160
5,200,20,209
20,300,20,80
44,300,20,149
15,400,20,400
7,5,20,68
54,5,20,108
7,5,14,100
54,5,14,100
54,5,20,108
20,5,20,128
17,5,20,78
17,5,20,133
36,400,42,300
65,250,20,292
27,500,25,135
17,100,42,94
20,150,51,169
17,150,51,229
4,150,51,159
17,150,51,209
5,150,51,219
20,150,51,229
17,150,51,199
17,150,51,229
20,150,51,179
5,1000,12,530
24,350,49,139
13,5,20,86
54,5,20,178
4,5,20,178
44,119,23,190
44,119,23,159
44,119,23,239
44,119,23,283
44,200,13,269
21,200,13,289
44,119,23,159
44,119,23,169
32,300,51,59
44,119,23,169
44,119,23,211
17,400,21,81
44,119,23,169
44,119,23,169
44,119,23,239
65,250,20,317
54,300,21,50
3,300,21,480
3,300,21,450
54,200,27,140
44,280,32,50
3,900,39,65
25,200,25,169
44,100,42,168
17,200,22,79
3,500,37,400
17,200,1,415
17,400,2,610
3,600,37,450
17,200,22,349
3,250,23,550
3,300,52,624
3,500,27,385
17,500,27,355
3,500,27,695
3,500,27,635
53,300,41,90
5,200,46,50
58,300,27,85
17,200,1,45
51,500,33,305
7,500,33,340
13,300,10,189
17,100,42,324
44,100,42,162
44,100,42,76
3,249,25,75
44,100,42,45
34,350,24,36
44,300,17,139
54,300,46,95
53,250,4,45
44,100,42,106
3,450,26,356
51,450,26,356
20,300,15,159
20,300,15,139
52,300,1,248
17,250,10,499
21,300,45,109
53,300,15,119
3,500,9,129
20,300,41,130
59,399,42,96
51,220,20,129
51,180,20,139
54,200,20,69
44,150,4,60
15,350,25,110
17,400,27,189
32,200,27,99
53,300,20,210
17,400,20,360
5,89,24,159
32,200,27,99
5,300,15,109
5,300,15,109
65,1000,25,220
44,300,20,90
5,250,31,40
44,150,27,75
32,200,50,50
32,2,49,70
24,150,43,50
25,220,20,10
58,300,10,799
5,250,22,165
58,300,43,105
15,500,21,320
44,400,37,20
15,500,38,252
3,400,4,233
3,300,14,139
5,350,25,230
17,200,1,81
51,700,20,185
53,150,25,120
3,200,51,115
17,150,51,99
20,150,51,89
15,800,20,195
17,800,20,280
17,400,25,150
13,199,20,52
51,200,27,179
52,300,25,1100
52,600,27,349
52,355,24,700
5,1000,12,250
25,300,10,139
20,300,41,120
53,200,4,942
17,200,46,220
51,500,25,335
3,319,20,319
3,450,46,195
21,250,22,290
5,300,20,219
54,300,20,100
5,300,15,89
5,250,22,209
25,300,27,99
65,300,25,309
65,300,25,156
53,250,22,198
46,300,37,320
65,300,25,218
65,400,54,129
15,300,37,148
65,150,51,389
46,400,24,138
10,150,51,165
46,400,20,280
27,300,20,270
53,300,15,89
5,150,21,65
13,500,1,100
44,300,20,180
5,200,25,175
5,200,25,165
54,200,25,165
22,300,22,85
44,200,25,155
24,300,6,388
58,150,42,154
54,200,25,155
13,200,22,179
54,200,22,120
13,300,22,180
44,150,42,154
30,200,25,155
32,100,27,129
66,450,26,320
25,400,25,190
30,200,25,165
25,250,20,60
13,200,22,209
53,300,20,170
53,100,37,65
21,200,42,92
17,200,42,297
51,500,25,180
13,300,25,250
20,100,37,69
32,250,31,80
53,150,25,65
3,200,2,35
3,200,2,25
33,300,21,90
5,200,4,195
32,150,1,75
32,150,25,86
20,400,43,189
65,350,42,179
27,400,24,189
13,250,30,319
15,800,20,290
5,350,4,189
20,200,37,80
46,400,44,189
7,300,25,89
24,250,49,148
25,250,54,156
2,250,30,219
20,180,4,139
44,200,4,195
54,200,30,90
46,400,44,199
54,200,4,210
15,300,37,148
13,200,51,135
13,200,51,175
12,150,2,200
13,300,44,72
54,200,21,185
13,300,20,150
20,180,4,149
20,200,51,135
5,99,4,110
3,150,25,60
54,150,42,70
44,350,29,75
5,200,52,65
17,50,30,23
13,150,17,60
17,400,21,35
53,300,27,35
53,200,4,25
44,99,22,30
46,400,24,189
22,200,51,119
61,150,27,99
54,150,23,60
53,150,2,200
25,150,27,120
13,250,27,55
54,150,4,145
54,200,25,150
48,200,4,319
20,150,53,175
5,150,24,125
5,200,4,140
58,300,43,205
44,350,29,149
25,150,30,50
5,250,29,60
44,200,21,219
44,300,20,150
44,199,20,143
20,400,21,180
44,200,29,225
5,200,22,199
17,200,1,83
53,200,30,80
17,400,21,23
53,300,27,25
34,350,24,160
40,120,25,75
25,100,27,69
24,300,6,449
13,300,25,220
13,300,25,220
13,250,30,209
44,150,4,175
20,150,53,210
46,300,27,99
13,180,4,99
25,180,4,149
20,200,37,99
54,200,4,63
44,250,53,130
54,200,25,120
5,150,37,134
5,200,5,181
53,150,2,200
17,150,53,160
5,200,39,150
13,300,43,190
13,150,24,110
13,250,27,90
54,200,21,170
44,280,32,59
54,150,49,120
13,300,50,100
25,150,27,125
20,450,20,290
17,400,21,46
20,200,51,119
2,250,30,234
53,100,20,50
13,150,25,95
62,200,51,119
54,300,43,215
20,200,37,108
46,300,37,148
20,300,20,140
44,300,20,149
17,250,30,325
13,250,30,325
25,250,54,262
44,399,42,179
12,200,4,160
62,250,30,264
44,250,54,246
54,250,7,150
49,300,22,160
13,250,30,154
54,150,24,95
32,100,27,110
13,200,25,170
12,150,2,230
54,400,25,205
5,200,22,225
44,150,4,175
44,300,50,170
44,150,53,210
46,300,37,148
65,350,42,229
10,400,30,220
46,400,44,125
10,250,49,139
20,180,4,79
5,150,27,89
20,300,1,99
9,500,38,252
58,300,43,140
46,450,20,325
13,350,24,100
13,300,37,240
7,300,24,195
13,400,25,215
13,300,44,72
54,200,4,210
20,400,21,200
53,150,2,250
44,300,50,170
54,400,25,205
54,150,4,190
17,350,21,230
44,150,53,220
13,300,22,180
20,150,53,220
12,200,4,210
9,400,20,300
46,300,20,300
30,399,42,224
20,150,53,230
30,399,42,284
13,300,25,200
13,300,25,200
5,150,24,135
44,199,20,176
44,150,4,180
12,200,4,195
44,200,22,230
20,150,53,220
44,400,25,190
44,150,4,180
54,150,4,170
53,150,2,200
44,200,25,205
54,150,24,140
54,150,4,180
13,300,37,200
2,250,30,115
44,300,37,200
44,199,20,176
5,200,4,150
44,250,27,80
13,399,42,189
55,200,52,80
5,150,27,85
5,200,25,105
44,350,29,93
44,300,20,129
32,200,37,65
32,150,25,70
58,150,42,90
44,200,29,180
3,450,20,250
17,800,20,450
53,350,20,210
44,250,53,130
54,200,25,120
53,300,20,110
12,150,2,180
44,99,22,60
44,150,4,160
54,199,20,143
44,280,32,59
44,200,20,120
52,300,44,80
13,300,43,195
53,300,29,134
44,200,5,162
44,150,24,110
25,150,27,175
54,200,21,170
44,300,50,100
32,200,42,90
17,350,21,185
25,10,20,128
13,200,22,179
13,251,16,150
54,130,27,91
44,300,20,140
44,200,29,220
53,100,20,50
53,150,25,101
13,200,51,379
15,1000,25,297
65,150,51,179
4,150,51,165
20,180,4,89
5,150,51,138
5,150,51,289
5,150,51,138
17,150,51,84
39,400,1,469
55,350,20,245
55,350,20,120
55,400,20,345
44,350,20,95
44,250,53,160
5,200,5,215
44,150,53,210
13,250,54,200
5,200,4,150
5,150,27,119
13,300,43,130
53,300,25,135
17,150,51,169
13,250,30,214
13,250,30,209
17,800,20,200
25,180,4,149
53,99,4,77
5,200,52,85
53,100,20,59
7,300,10,90
44,399,42,169
44,150,27,105
53,150,25,75
44,200,29,190
44,150,27,149
25,180,4,179
65,300,25,207
13,399,42,140
9,175,23,199
17,800,20,310
65,300,27,199
46,250,10,135
10,250,49,169
32,200,37,95
17,175,23,149
55,500,49,175
55,200,52,100
24,300,6,299
12,399,42,224
53,400,43,199
13,200,25,160
7,300,44,90
5,450,27,139
5,200,4,155
13,400,21,185
54,150,53,180
13,150,2,200
13,200,42,100
44,200,21,269
13,150,24,130
13,300,50,140
54,350,21,210
54,250,27,110
44,200,4,319
54,199,20,156
54,200,21,170
13,150,4,170
44,300,37,200
54,200,5,188
54,150,24,135
13,150,4,130
46,300,27,99
54,300,24,90
75,100,30,80
54,200,4,50
17,100,42,85
17,500,20,470
3,300,21,430
3,300,21,380
20,200,37,75
17,300,1,299
58,200,20,219
17,400,21,48
3,300,27,70
53,200,12,35
17,200,22,29
44,150,4,90
44,150,5,80
46,500,20,152
44,200,25,90
20,150,53,120
53,150,30,49
13,150,4,70
65,400,20,211
17,500,20,170
3,600,37,449
17,400,21,801
44,150,4,105
17,400,21,120
24,500,20,280
3,500,20,280
17,200,22,69
53,299,51,69
17,400,21,81
5,200,37,160
5,200,46,285
5,170,38,92
3,500,20,350
24,500,20,370
5,200,46,220
3,500,20,250
24,500,20,250
15,400,20,400
3,250,23,400
3,600,37,379
25,200,3,170
24,500,20,505
3,500,20,320
3,500,37,450
32,150,43,90
17,200,53,120
54,150,4,145
53,200,20,80
17,400,2,750
53,300,52,625
54,100,24,30
43,200,5,36
54,150,21,30
54,150,22,89
5,200,33,40
54,150,22,54
54,200,52,25
54,300,20,75
53,200,51,269
3,200,51,109
25,100,21,50
32,100,27,69
5,150,27,59
25,100,27,30
54,150,22,68
54,250,27,25
61,100,52,55
54,200,4,70
5,250,29,30
12,300,51,43
44,200,25,40
44,150,24,40
54,300,50,35
54,300,46,57
54,400,17,35
54,200,27,40
44,150,37,85
54,150,37,43
44,200,25,55
44,150,53,38
5,250,54,40
54,200,22,49
54,200,52,33
54,200,49,30
5,70,18,35
54,150,49,45
13,350,21,50
54,200,4,24
54,200,21,46
58,100,30,80
54,150,4,115
54,300,43,85
40,250,21,140
5,1000,12,460
45,500,6,190
20,400,43,699
53,150,2,300
54,250,37,35
13,500,1,40
54,150,42,38
54,150,4,35
54,300,2,35
58,100,30,60
44,200,30,45
65,180,20,99
15,220,20,249
15,220,20,149
13,150,4,75
5,500,20,350
17,800,20,400
52,355,24,300
21,500,20,350
63,250,1,429
17,250,51,667
17,450,46,355
3,200,22,79
46,1000,12,380
66,450,26,466
46,400,20,260
36,200,27,249
51,200,27,189
53,200,27,179
21,200,27,249
5,700,33,579
46,500,9,409
3,900,39,100
24,200,21,220
17,500,20,550
3,450,20,180
17,1500,20,275
17,100,42,45
13,300,10,179
17,200,46,499
17,200,46,100
58,200,52,25
5,400,20,286
13,350,51,130
17,150,53,95
54,200,22,110
49,300,22,100
13,500,4,88
54,150,4,80
53,300,37,148
17,350,51,55
44,150,20,149
13,300,20,150
44,300,20,140
5,300,15,99
54,100,14,95
5,500,20,99
60,450,26,330
44,400,37,70
17,200,53,65
54,150,4,145
20,300,1,139
17,450,46,145
46,500,22,150
32,200,50,55
15,800,20,185
5,700,24,1499
53,250,22,198
32,300,2,50
5,300,41,230
17,500,20,240
17,175,23,159
17,450,20,200
17,800,20,280
51,450,26,127
17,350,49,297
17,350,49,465
24,250,1,199
17,200,21,220
17,200,20,240
44,100,42,57
58,200,53,80
44,200,20,45
44,300,20,50
27,1000,12,80
25,300,27,29
7,100,52,55
9,500,38,225
54,400,21,45
30,399,42,239
44,100,42,85
53,200,3,170
13,300,25,240
25,150,20,225
13,300,25,240
44,5,20,178
20,5,20,148
17,200,46,130
17,200,46,190
65,250,20,300
9,150,51,209
15,1000,25,351
5,800,20,400
17,150,51,169
65,250,20,300
5,250,1,219
17,800,20,500
27,1000,12,560
65,250,20,333
9,600,20,355
17,200,46,220
5,200,46,130
5,220,20,439
15,1000,25,289
5,400,25,260
17,400,25,340
5,200,46,130
17,800,20,380
5,200,46,170
51,700,20,185
15,220,20,414
5,1000,12,340
51,800,20,190
51,800,20,550
15,800,20,550
17,1000,12,460
20,200,2,60
54,100,24,50
54,200,21,35
7,300,5,32
54,200,52,30
54,250,27,50
54,150,22,89
13,250,37,70
54,150,37,70
5,150,24,60
54,250,2,49
59,200,20,55
13,200,20,30
5,200,22,55
53,400,21,49
54,150,22,59
54,100,14,35
54,150,14,38
54,100,14,42
54,100,30,33
54,100,24,25
34,355,24,390
34,5,20,40
54,5,20,48
7,5,20,53
54,150,22,168
54,300,21,200
7,350,24,220
34,600,27,270
45,500,25,300
9,500,38,305
65,500,38,322
54,150,23,50
3,200,1,86
66,450,26,460
2,250,38,145
41,250,38,145
51,800,20,190
65,1000,25,413
52,350,24,110
17,300,20,80
44,250,54,95
13,150,37,50
13,200,20,105
5,200,20,52
5,200,20,210
53,175,20,219
5,175,20,199
20,300,1,349
20,300,1,379
3,200,1,56
17,200,1,85
13,500,1,40
5,130,2,18
25,300,20,25
44,300,2,20
54,100,30,23
5,200,22,35
13,200,21,30
44,250,27,180
44,300,22,20
49,300,22,15
59,399,42,216
5,150,27,139
13,450,4,149
5,70,18,35
5,250,29,30
34,5,20,88
5,398,20,592
53,100,2,80
58,75,39,60
44,300,43,65
65,250,20,283
3,500,4,249
3,500,4,249
20,400,43,209
5,300,15,119
5,300,41,130
44,200,49,40
54,150,4,50
3,500,22,180
53,400,43,29
53,150,21,65
53,300,41,90
5,300,27,249
14,400,21,259
44,650,1,260
1,300,24,425
54,300,43,310
44,300,43,250
54,300,43,135
13,300,43,310
58,300,43,250
44,300,43,135
48,300,47,250
55,500,49,800
17,400,21,145
58,300,43,140
13,200,29,80
32,150,43,65
59,500,1,105
13,500,1,100
44,500,1,110
44,500,4,88
54,250,2,92
3,200,2,140
54,300,25,140
17,400,21,103
61,250,27,65
59,200,20,75
12,200,20,109
25,200,20,95
25,300,49,65
54,150,4,60
44,150,27,75
25,150,27,350
17,200,42,275
20,200,37,70
53,300,41,170
44,300,27,129
17,50,30,57
12,150,53,80
3,150,20,98
53,175,20,40
58,150,52,102
5,400,4,233
53,200,3,140
53,300,41,195
65,1000,25,368
51,200,27,134
7,400,43,458
17,100,42,85
5,300,51,190
15,220,20,139
51,180,20,149
20,300,1,179
44,100,42,143
5,250,22,127
54,100,30,38
17,800,20,410
24,150,43,40
58,250,51,195
53,200,4,196
58,200,4,216
17,250,51,195
17,300,20,120
17,300,20,90
17,250,51,281
17,250,51,156
17,200,1,77
25,175,20,40
54,120,21,300
54,120,21,300
13,150,4,160
59,200,20,119
46,600,22,249
44,200,25,115
44,200,20,145
13,399,42,239
12,399,42,239
44,150,20,190
13,400,25,85
65,400,43,359
27,1000,12,430
5,2,49,80
17,500,20,650
24,150,43,65
20,200,22,280
31,300,27,110
20,200,37,75
24,200,20,250
13,150,4,110
17,500,20,200
21,300,45,229
20,300,41,130
3,300,27,70
3,500,37,420
27,500,38,230
13,150,4,90
12,399,42,119
54,150,5,80
9,500,20,152
44,150,53,120
53,150,30,49
55,200,52,75
63,750,22,249
5,150,25,120
44,150,4,70
53,300,41,90
32,89,24,179
17,200,22,69
5,450,26,165
5,200,37,160
32,250,10,120
17,300,20,80
3,500,22,750
17,1500,20,250
17,400,20,400
3,250,23,450
3,400,25,520
3,900,39,65
5,200,51,180
21,200,28,254
17,800,20,100
20,250,31,80
32,150,43,90
32,2,49,120
3,300,21,400
3,600,23,390
3,300,21,450
17,450,26,355
24,450,26,345
2,250,38,145
51,450,26,375
3,450,26,650
3,450,26,665
66,450,26,495
73,300,24,85
46,200,20,70
57,450,26,350
54,200,29,30
25,250,20,239
44,300,20,90
21,200,29,113
21,200,29,80
54,250,2,64
65,1000,25,286
9,400,43,799
3,500,27,335
17,500,27,305
3,500,27,605
3,500,27,545
58,250,20,140
46,250,20,239
25,250,20,299
5,100,37,75
52,355,24,510
54,350,24,290
34,355,24,460
52,355,24,450
52,355,24,490
34,355,24,460
34,350,24,280
13,300,25,310
52,355,24,490
43,200,44,60
44,200,44,35
27,180,20,89
44,150,20,70
27,500,20,50
13,300,20,90
45,400,24,46
13,200,20,45
44,200,20,45
17,1000,12,80
53,200,27,29
46,500,22,70
30,399,42,192
53,200,4,90
59,200,20,225
59,399,42,49
44,300,43,270
58,200,4,186
58,200,4,124
53,200,22,193
54,300,43,198
58,200,4,124
53,200,4,169
5,300,25,99
20,500,6,120
25,300,37,148
58,300,43,275
53,220,20,199
15,250,38,145
13,300,25,200
46,500,22,375
53,200,30,120
3,450,46,165
17,450,46,175
20,500,6,140
3,450,46,80
3,500,22,150
65,180,20,199
17,450,20,185
5,300,20,240
17,200,2,115
32,150,1,85
53,500,6,130
3,200,2,20
5,400,1,200
53,200,53,80
65,400,1,200
65,250,20,283
58,200,53,80
52,300,25,240
17,200,53,60
27,180,20,229
5,220,20,229
51,220,20,249
51,180,20,199
27,180,20,169
27,180,20,169
65,180,20,199
51,180,20,249
22,300,49,199
17,500,10,185
46,300,25,339
52,300,25,240
46,300,25,369
27,180,20,179
58,200,53,80
32,350,25,270
15,220,20,199
10,150,51,189
65,150,51,329
53,500,25,325
17,800,20,250
5,150,51,229
5,220,20,149
45,500,6,130
5,190,20,166
53,500,6,160
5,350,4,219
54,200,4,53
3,400,24,449
46,450,4,109
20,450,4,189
20,300,41,80
17,500,33,360
44,100,42,324
44,100,42,162
25,248,45,59
53,300,34,219
5,100,2,50
25,300,50,150
58,200,4,189
12,150,53,135
45,450,4,189
44,200,21,220
46,400,44,85
12,150,53,160
58,200,4,189
3,150,52,460
53,100,27,55
17,200,25,60
13,299,50,210
54,149,20,329
54,149,20,330
46,400,44,110
5,200,46,40
54,150,4,120
46,400,44,99
54,300,20,109
13,299,50,140
44,299,50,140
53,200,4,217
53,200,39,200
46,400,44,99
17,150,23,649
44,450,27,249
20,300,41,105
53,250,4,30
7,250,27,239
17,200,53,150
17,400,21,220
41,800,44,400
66,450,26,700
3,450,26,500
15,800,20,410
3,450,26,440
46,500,25,300
38,800,44,400
54,150,27,55
54,150,2,200
54,500,4,138
25,100,52,139
44,300,43,190
13,150,4,90
13,250,4,120
13,150,24,110
54,150,49,100
54,150,37,135
5,400,20,238
13,150,4,120
54,150,22,120
44,250,53,130
17,400,20,333
17,400,20,429
51,800,20,320
36,400,42,300
53,400,43,399
17,1000,12,220
15,250,38,299
12,150,53,135
44,300,20,170
53,300,20,220
53,200,4,189
53,300,41,195
9,500,49,160
51,450,26,470
46,1000,12,380
17,1000,12,350
20,700,24,1420
5,700,24,1499
46,300,25,329
27,500,6,160
42,800,44,352
5,250,49,260
46,1000,12,150
27,1000,12,450
5,1000,12,390
9,600,20,189
20,180,4,89
13,100,2,65
65,1000,25,399
5,600,20,345
17,100,42,85
17,100,42,85
65,250,20,367
9,400,20,270
46,300,20,250
17,200,25,100
13,400,21,30
13,150,27,65
13,300,50,55
44,200,25,65
13,200,22,80
5,250,29,45
54,150,24,65
13,150,11,50
17,400,21,20
54,150,11,19
54,200,21,30
17,500,22,100
20,150,53,175
13,150,24,130
13,150,4,160
15,500,38,302
13,150,4,160
13,150,2,200
65,250,38,339
13,300,44,182
17,100,42,110
4,5,20,83
4,5,20,68
7,5,20,68
5,250,22,308
7,5,14,120
4,5,20,128
44,5,20,133
46,400,20,280
46,300,20,260
44,400,25,170
3,150,25,85
5,400,25,230
5,170,38,180
53,200,12,97
38,250,38,299
3,400,51,429
17,300,1,299
13,5,20,158
54,5,20,128
34,5,20,188
53,5,14,125
5,1000,12,430
40,250,21,164
46,1000,12,140
45,450,4,89
53,100,2,90
54,150,4,120
54,150,4,115
17,400,21,50
54,100,32,45
44,150,4,80
7,300,25,230
7,100,52,45
46,400,20,270
44,300,50,60
44,100,42,162
48,200,13,279
58,100,25,179
49,300,43,319
5,200,22,250
44,150,4,180
54,200,13,299
17,250,51,214
17,400,13,99
15,300,37,148
61,250,27,189
61,100,25,129
49,300,43,249
44,100,42,85
5,300,20,80
12,399,42,109
55,200,21,79
54,250,29,60
58,200,53,80
13,180,37,90
59,500,1,80
54,100,24,65
13,150,25,70
5,200,29,119
58,250,25,145
54,150,22,99
58,250,25,155
54,200,27,59
24,300,51,80
44,150,4,70
13,300,50,75
54,200,22,95
54,300,46,100
54,250,2,59
44,200,25,95
54,200,25,65
54,250,4,70
54,200,49,60
54,200,21,80
17,350,21,105
54,150,27,65
13,199,20,91
54,130,27,52
54,150,53,78
54,200,4,68
54,200,27,55
54,150,24,75
13,200,39,90
54,150,22,99
44,500,4,88
53,200,54,55
15,800,20,410
44,200,21,140
54,250,10,20
5,100,37,89
52,300,25,460
7,300,25,480
7,300,25,460
17,150,25,165
13,300,43,121
53,250,20,140
51,300,27,279
15,800,20,290
17,300,25,380
21,200,30,209
36,200,30,109
5,200,46,285
24,500,20,150
17,800,20,360
5,220,20,199
27,180,20,199
51,220,20,239
65,180,20,239
20,300,1,179
60,250,38,339
15,350,25,190
53,300,20,85
27,500,38,330
5,100,21,60
25,100,2,60
65,150,51,239
15,250,25,385
53,300,37,148
53,120,25,69
3,450,26,375
13,400,21,195
13,199,20,169
13,399,42,214
13,150,24,130
44,300,43,210
17,150,51,145
5,300,20,149
25,300,37,148
13,180,4,79
5,150,21,65
59,399,42,229
3,450,26,355
44,200,25,150
54,150,24,130
44,150,53,175
44,130,27,104
44,200,29,240
54,150,4,160
58,300,43,210
54,300,50,110
44,200,4,155
20,300,27,220
27,300,27,249
5,150,51,179
17,150,51,339
13,250,54,299
20,150,51,179
5,150,51,199
20,150,51,109
3,450,26,700
52,300,44,130
17,150,51,179
5,150,51,169
17,800,20,230
15,800,20,250
20,300,41,120
44,300,25,135
44,280,32,79
44,200,20,99
25,100,4,90
25,200,25,169
44,300,43,105
44,300,22,205
5,300,25,170
54,300,25,220
13,150,4,70
32,2,49,90
58,75,39,60
5,150,25,78
20,180,51,70
58,150,27,28
25,200,20,40
44,100,30,45
12,100,27,35
5,100,21,75
54,250,29,50
25,100,27,190
5,300,20,80
58,300,20,60
40,300,25,100
12,100,27,20
5,250,29,30
55,200,21,60
58,150,52,26
54,250,37,40
13,150,37,35
54,300,46,95
58,300,43,90
17,200,53,120
37,100,30,60
5,70,18,40
44,100,42,80
58,200,53,80
15,300,37,235
58,75,39,92
20,300,41,120
5,175,20,219
25,175,20,199
53,175,20,40
17,500,10,185
27,450,26,250
17,500,20,170
3,500,49,260
53,200,53,80
25,190,20,47
17,200,2,115
17,800,20,230
61,250,27,59
58,200,4,142
44,100,42,85
3,150,2,100
17,400,21,103
53,300,37,230
17,800,20,230
54,150,4,125
53,200,53,80
54,150,4,70
44,399,42,224
12,399,42,239
53,250,22,138
59,399,42,284
44,399,42,189
59,399,42,189
55,100,2,50
40,250,21,89
13,200,43,239
44,399,42,99
40,250,21,138
40,250,21,103
54,200,4,90
13,400,21,190
66,450,26,1229
53,300,41,170
44,350,51,105
5,200,46,299
5,200,46,342
17,200,46,257
17,200,46,299
53,200,4,189
17,400,2,660
53,300,52,780
3,300,52,719
3,200,2,150
17,200,2,80
3,249,25,70
17,50,30,57
17,200,22,35
25,300,44,25
59,500,27,175
17,500,20,200
13,300,10,249
17,450,27,269
3,150,52,480
30,399,42,179
54,150,4,110
3,200,22,359
36,400,42,300
60,450,26,1051
7,300,10,499
5,300,40,135
53,200,4,108
36,250,25,145
5,250,25,155
59,250,8,100
44,280,32,149
44,280,32,139
54,250,29,60
44,150,4,85
13,200,25,80
44,250,4,85
44,250,27,70
13,400,25,130
13,250,54,55
54,400,25,35
54,200,22,39
54,300,50,30
20,400,21,40
5,190,20,12
44,350,21,55
12,150,2,50
13,150,24,30
54,150,42,64
13,5,20,78
17,200,22,210
27,1000,12,430
51,500,25,450
32,2,49,80
5,2,49,90
5,250,31,65
20,150,51,159
58,200,20,319
58,75,39,80
44,200,49,40
44,200,13,89
13,250,20,110
13,250,20,150
17,175,23,159
46,1000,12,185
17,100,42,134
17,100,42,134
44,100,42,134
7,5,14,130
44,5,20,150
44,5,20,138
53,500,26,349
60,250,38,339
3,450,26,685
15,800,20,185
17,500,10,185
17,200,25,100
17,200,25,70
3,300,25,716
3,600,37,449
3,600,37,450
44,500,1,45
13,500,1,23
54,200,29,60
53,200,25,165
54,150,22,119
54,250,29,50
54,200,52,40
54,200,52,30
44,400,37,33
44,400,37,46
4,500,27,140
4,500,27,140
54,300,50,55
17,100,52,79
54,200,21,60
54,100,24,55
44,300,37,65
5,250,54,70
54,100,32,40
44,150,27,55
5,150,24,60
54,250,29,44
44,200,25,85
32,350,25,270
5,350,25,240
53,300,20,50
44,250,27,189
61,250,27,179
25,180,44,80
54,137,25,327
48,100,1,150
5,200,20,129
17,400,24,589
44,5,20,68
44,5,14,60
3,200,22,259
15,800,20,90
3,150,52,90
10,150,51,179
65,150,51,189
15,800,20,250
5,250,1,229
4,150,51,145
3,299,51,129
65,150,51,139
21,250,1,259
5,200,51,339
3,600,37,549
17,400,2,800
17,400,21,1562
17,800,20,220
24,200,20,689
58,200,20,449
5,300,40,65
3,300,52,720
24,150,23,599
3,600,37,529
3,200,52,700
3,900,39,115
17,500,20,150
53,250,2,130
17,200,22,590
60,450,26,550
5,400,22,75
13,300,25,240
17,500,10,185
17,350,49,465
8,500,49,250
5,300,23,150
5,150,37,55
44,130,27,65
53,200,1,186
54,300,46,57
13,300,25,120
52,300,25,90
5,500,1,100
25,150,21,80
54,500,1,60
5,500,1,95
54,150,4,33
25,300,37,148
44,200,25,75
54,150,2,100
12,300,51,100
13,200,36,85
54,500,4,119
54,150,25,110
54,400,17,80
53,200,4,95
54,199,20,111
17,350,21,130
44,250,54,130
17,300,37,100
13,150,27,95
54,137,25,139
17,300,37,100
44,150,5,90
13,150,53,105
13,300,51,95
54,500,4,113
59,200,36,70
5,200,5,85
54,250,54,130
54,400,17,80
13,150,25,100
44,350,21,120
17,200,53,75
17,300,37,55
44,250,54,60
54,200,49,40
44,150,27,60
44,150,2,55
17,150,53,54
5,70,18,50
13,150,4,48
54,299,25,50
13,250,37,50
44,350,51,80
44,200,22,65
54,250,2,49
44,350,29,54
13,150,37,55
13,200,25,55
24,300,51,50
54,200,29,99
54,200,33,40
54,200,42,35
54,300,46,81
54,200,52,45
44,200,29,78
54,137,25,118
44,200,25,105
17,200,5,80
13,150,25,90
44,300,50,80
12,1000,43,70
54,150,53,88
54,250,54,110
54,150,27,85
54,500,4,100
17,100,42,170
17,100,42,85
58,200,53,80
53,200,53,80
12,150,53,135
17,500,10,185
58,200,22,260
58,150,27,100
24,200,20,169
3,300,14,629
24,200,20,319
17,400,2,700
3,600,37,589
3,900,39,115
44,100,42,84
49,100,25,40
53,300,52,655
25,200,20,40
12,150,53,58
17,100,42,59
49,100,25,30
25,200,20,40
58,300,20,140
55,200,21,67
3,300,21,450
3,300,21,480
54,300,46,90
17,200,53,120
25,70,18,30
44,300,43,55
17,1000,1,850
15,500,38,392
7,300,24,385
73,300,24,350
54,300,24,375
17,150,48,149
25,150,27,300
25,200,25,179
12,300,43,224
12,300,43,174
49,300,43,219
44,150,43,250
44,200,43,249
12,300,43,269
25,150,27,280
49,300,22,190
44,300,34,169
44,300,20,149
17,200,43,189
48,300,47,190
53,300,20,189
44,200,25,155
44,300,25,100
30,399,42,49
53,100,4,90
44,200,22,215
13,300,43,121
44,150,43,250
44,150,43,200
44,200,25,110
33,300,21,50
3,200,2,140
13,150,4,90
54,150,37,80
13,350,29,45
54,200,46,60
54,200,46,60
54,300,21,60
13,150,4,80
53,200,1,105
54,250,37,60
54,250,29,50
13,200,25,65
17,300,37,80
58,200,4,90
54,300,46,100
3,300,51,219
53,300,51,119
53,250,4,90
17,450,46,155
3,300,27,160
44,400,37,26
25,150,37,20
30,399,42,109
53,200,25,165
5,300,25,99
61,100,25,149
44,399,42,84
59,399,42,599
25,300,49,49
5,200,22,110
54,150,37,60
46,500,25,200
21,450,13,189
46,400,44,175
46,300,25,159
5,1000,12,530
17,1000,12,420
66,450,26,381
5,300,25,180
7,300,25,69
17,300,25,360
7,300,25,360
7,300,25,139
52,300,25,140
5,300,25,180
54,200,27,60
44,200,25,155
44,200,25,155
32,100,27,99
40,250,21,94
53,220,20,299
51,500,25,160
40,250,21,55
5,400,27,199
24,150,23,699
25,220,20,100
54,5,20,53
25,180,4,129
12,350,17,200
46,300,27,120
25,400,25,170
12,350,17,260
7,5,20,148
12,350,17,260
87,250,25,120
7,250,25,120
87,250,25,155
87,250,25,155
44,100,42,134
65,1000,25,143
5,400,1,300
20,450,20,360
65,500,25,375
44,500,20,229
17,200,51,942
54,100,2,45
54,150,4,250
54,300,43,71
17,200,53,100
54,150,4,125
13,250,37,70
54,150,21,55
54,150,23,60
54,150,37,65
7,100,52,45
52,355,24,170
52,355,24,170
54,150,37,65
58,75,39,68
25,400,25,85
13,200,22,252
58,75,39,71
54,500,4,22
25,190,20,95
54,150,23,45
54,150,3,85
54,150,23,80
54,150,22,60
54,150,37,70
13,250,37,70
54,150,21,70
54,300,46,124
54,150,23,50
34,5,20,153
7,5,20,118
7,5,14,110
9,400,20,240
13,400,27,250
5,450,26,624
53,300,52,93
17,400,2,950
17,400,2,600
53,300,52,87
12,350,17,230
17,400,2,630
3,300,52,100
53,300,52,95
53,300,52,93
17,400,2,550
53,300,52,87
5,400,20,95
52,350,24,320
13,300,25,390
54,200,27,220
52,300,25,440
7,350,24,320
54,299,50,219
13,300,44,180
24,300,6,350
17,450,27,149
34,350,24,370
5,170,38,92
54,200,27,260
52,300,25,390
17,300,25,220
54,200,27,230
5,300,25,99
46,200,4,199
25,100,2,75
15,220,20,149
17,100,42,54
17,600,22,189
17,100,42,54
27,200,4,199
5,200,52,95
23,400,1,349
7,400,1,139
34,300,25,180
7,300,25,340
54,300,25,249
17,300,25,260
54,350,24,160
15,800,20,230
27,300,25,369
52,300,1,258
53,400,27,380
17,450,46,305
65,250,20,208
13,350,24,140
13,350,24,150
17,800,20,230
46,300,25,239
17,1000,12,410
7,400,43,475
20,400,43,230
9,400,43,319
54,200,27,45
59,250,8,100
13,150,4,76
5,200,22,85
17,300,37,80
44,300,50,70
54,300,20,100
58,150,42,87
12,130,27,58
20,70,18,70
25,250,27,55
5,250,54,90
44,350,21,105
54,250,27,50
54,200,52,60
54,5,20,103
44,300,20,150
25,300,20,140
44,200,25,70
54,300,51,95
5,130,2,65
54,200,46,60
54,200,20,75
54,300,46,95
54,150,4,50
13,350,29,37
54,200,4,50
54,400,17,65
5,200,25,95
54,150,22,89
54,150,24,75
54,200,52,60
17,150,53,77
44,150,27,65
54,150,49,75
54,200,52,55
54,350,51,105
54,200,21,75
13,300,43,51
54,150,4,115
54,150,4,125
5,150,24,60
5,70,18,65
44,150,22,120
54,200,27,40
54,300,46,90
59,500,27,275
3,500,20,500
53,300,15,189
32,2,49,90
51,200,27,249
32,200,27,239
21,300,45,199
32,89,24,239
32,89,24,179
44,150,2,150
53,300,15,189
13,300,43,130
3,900,39,75
5,398,20,169
53,150,25,64
32,200,27,139
46,1000,12,410
27,300,25,289
40,250,21,92
44,150,20,189
53,200,30,129
13,300,20,130
5,150,27,85
53,100,27,50
15,300,37,146
48,200,21,109
44,300,20,170
54,200,29,119
54,200,52,90
54,137,25,154
54,200,52,100
54,200,29,129
15,220,20,299
65,180,20,279
65,180,20,299
27,180,20,149
15,220,20,119
3,200,2,140
58,400,4,208
25,200,12,105
5,200,20,149
13,250,10,50
13,500,1,35
44,500,1,85
5,100,37,59
17,100,52,49
54,500,1,80
3,200,2,115
44,300,5,45
58,100,39,40
58,300,20,60
54,120,21,195
54,350,24,100
48,200,4,120
44,250,20,35
44,200,21,100
25,250,20,30
7,400,29,130
65,400,1,180
44,100,30,120
20,400,22,70
61,250,27,189
44,250,27,189
20,300,20,40
25,250,20,20
44,200,21,200
44,150,27,100
27,600,22,249
44,150,4,160
54,150,3,65
53,300,20,99
44,300,51,50
54,350,51,90
53,250,10,60
20,150,21,45
53,350,20,79
48,200,21,200
53,300,37,135
44,300,20,109
58,75,39,60
44,100,42,93
52,355,24,100
58,300,20,60
5,400,1,180
44,5,20,148
20,5,20,118
44,5,14,110
54,100,24,55
25,200,27,45
54,200,21,75
54,137,25,111
54,100,2,40
5,200,25,85
54,200,25,60
54,150,37,73
54,150,5,70
13,150,4,60
17,150,53,75
53,200,4,70
53,130,27,45
54,200,49,50
44,150,11,63
5,200,29,99
44,350,21,85
54,300,2,55
58,300,50,40
54,400,21,65
5,200,36,58
54,150,22,89
54,200,27,30
13,199,20,78
54,250,2,59
54,250,54,80
54,300,46,114
44,150,27,100
13,150,19,29
5,200,52,110
3,250,4,80
3,150,2,105
46,300,6,205
7,400,22,119
25,100,27,55
44,450,27,129
54,149,20,120
7,300,22,35
13,180,4,179
9,175,23,149
25,180,4,199
27,300,27,249
44,200,22,130
53,200,1,66
3,900,39,875
44,100,42,321
17,100,42,161
17,400,20,95
17,200,25,70
3,900,39,90
17,300,20,120
3,900,39,875
44,150,4,95
17,150,53,130
44,200,29,252
5,250,10,85
54,150,4,80
3,900,39,115
17,300,20,80
3,600,23,580
24,500,20,129
5,200,51,1129
32,89,24,219
5,89,24,159
20,150,1,65
20,150,1,40
25,150,21,35
9,200,22,280
3,600,37,409
24,500,20,233
21,300,45,169
53,200,27,229
3,150,52,70
17,200,1,140
53,300,27,70
17,400,21,58
3,500,37,400
3,200,22,89
17,400,2,725
5,300,15,139
32,89,24,239
55,200,52,80
32,89,24,159
53,150,25,119
5,500,20,152
32,200,27,119
5,300,15,139
5,350,25,110
30,399,42,96
53,150,25,52
25,100,27,69
44,300,50,70
54,150,4,60
5,150,51,138
44,500,20,171
53,100,52,59
53,200,52,35
17,400,2,525
17,400,21,744
17,400,21,686
24,200,20,129
5,200,37,160
17,300,14,599
17,250,4,30
15,400,20,400
3,200,1,364
3,250,23,450
17,200,22,399
3,900,39,55
3,200,52,600
20,300,15,149
24,250,10,80
24,250,10,85
32,150,1,50
3,300,21,400
3,600,23,390
54,200,27,70
3,300,21,450
5,2,49,70
58,300,43,105
25,110,6,239
53,110,6,179
3,400,20,1000
3,500,27,335
17,500,27,305
17,500,27,605
17,500,27,545
5,450,20,410
13,300,25,260
20,700,24,1299
38,800,44,319
17,400,20,190
44,119,23,9
54,5,20,68
48,300,47,35
61,250,27,189
44,200,21,40
44,200,21,30
17,200,53,85
17,200,53,40
17,200,53,85
17,200,53,40
17,200,53,40
5,500,22,175
46,400,20,240
46,1000,12,290
38,800,44,319
51,400,20,410
27,1000,12,450
17,800,20,185
53,100,2,75
17,800,20,260
17,500,4,249
3,500,4,249
13,300,27,139
25,100,21,60
17,100,42,107
46,300,25,239
51,220,20,169
46,300,37,240
17,200,46,250
47,300,25,341
47,300,25,207
53,175,20,110
62,200,20,119
20,180,4,79
20,150,21,65
46,250,10,140
2,200,20,149
41,800,44,281
17,800,20,260
53,200,30,130
5,300,41,140
13,300,25,120
9,300,27,259
5,300,27,260
17,175,23,149
9,150,51,129
9,150,51,119
53,250,22,176
5,150,51,115
25,180,4,99
46,300,37,280
65,250,25,139
46,600,22,189
15,300,27,225
46,250,10,160
53,700,24,489
46,300,25,349
65,300,25,349
15,300,25,209
13,300,10,159
32,250,10,175
7,400,43,299
9,400,43,629
7,400,43,515
9,400,43,179
20,400,43,639
20,400,43,639
20,400,43,499
9,400,43,925
17,100,1,148
25,200,27,38
13,250,54,60
9,400,43,57
7,400,43,57
7,400,43,57
10,150,51,60
53,300,41,270
27,1000,12,510
5,1000,12,185
32,150,1,85
5,200,36,72
15,200,30,120
13,300,25,150
59,300,44,123
7,300,44,80
13,300,44,195
5,400,21,249
73,300,24,265
25,175,20,50
55,500,49,420
9,500,49,350
15,800,20,410
3,450,26,685
3,450,26,500
21,250,1,99
13,150,4,140
44,150,2,200
44,350,21,195
54,199,20,143
17,150,53,175
44,150,4,160
44,300,20,99
13,150,4,160
44,150,4,140
34,300,25,530
24,200,20,220
17,100,42,102
24,200,20,90
3,300,51,160
53,200,27,289
51,180,20,189
17,800,20,220
17,800,20,270
53,150,30,58
3,250,1,129
52,200,51,125
53,200,20,149
20,300,41,90
51,800,20,290
34,300,25,59
5,149,27,30
54,300,43,59
54,300,46,65
52,300,44,130
25,300,49,179
21,300,20,299
44,400,21,95
5,250,29,80
58,300,43,120
12,399,42,169
54,200,5,108
44,450,4,139
44,100,30,100
55,200,21,132
44,200,29,200
53,300,41,230
58,75,39,92
17,150,23,599
17,1500,20,485
12,350,17,175
27,500,38,252
27,600,22,359
9,500,38,252
27,600,22,349
24,300,6,249
20,300,6,199
3,900,39,75
25,150,20,225
54,250,29,60
54,200,27,180
33,400,22,99
54,230,27,200
20,400,22,149
13,150,11,50
13,200,5,100
54,150,20,89
7,250,37,70
54,300,24,90
25,200,27,20
5,250,54,80
33,300,21,50
44,400,37,33
24,200,20,100
15,800,20,410
52,355,24,210
52,355,24,400
54,200,27,20
5,149,27,15
34,300,25,200
44,300,43,80
14,200,25,195
4,5,20,108
7,5,14,100
34,5,20,138
54,150,42,77
54,400,25,65
44,300,50,35
17,200,21,220
3,450,26,343
58,300,43,105
5,250,31,65
24,150,43,55
5,150,37,116
54,300,50,90
54,500,4,80
54,200,25,70
17,300,37,90
54,200,21,100
12,200,42,60
44,150,53,110
54,350,21,120
54,199,20,98
5,200,25,125
54,150,4,80
32,300,51,85
13,500,4,94
13,300,37,105
54,300,50,90
30,200,25,135
13,150,37,121
54,200,25,75
13,150,5,100
13,200,39,95
44,199,20,117
59,200,36,82
54,250,54,130
44,200,5,102
54,300,51,90
13,150,27,100
54,150,4,85
13,500,4,106
54,130,27,97
12,200,42,70
54,200,21,120
54,200,52,140
13,250,27,100
44,150,27,135
54,150,27,145
54,200,25,135
13,300,37,100
44,150,2,110
17,300,37,110
30,200,25,115
13,150,5,110
17,100,42,85
5,89,24,219
21,300,45,119
32,200,27,99
5,300,15,129
20,300,15,119
13,150,25,45
5,250,31,40
5,2,49,90
32,200,50,50
58,300,20,65
25,200,25,159
58,100,25,149
53,200,25,160
17,1000,12,400
54,100,22,150
25,100,4,90
13,251,16,185
44,199,20,169
13,251,16,185
54,199,20,169
13,300,44,190
12,300,43,234
12,300,43,349
49,300,43,324
12,300,43,289
25,100,22,140
58,300,43,240
44,251,16,160
13,300,43,240
58,300,43,80
61,200,4,170
58,300,20,40
54,250,29,50
55,200,21,68
9,300,20,249
25,220,20,120
17,200,2,30
25,10,20,143
25,190,20,129
20,150,48,94
25,300,25,129
54,200,29,149
20,100,37,89
53,100,37,85
44,200,25,150
44,200,29,190
61,10,20,154
44,300,20,189
32,100,27,139
5,200,52,100
5,200,52,90
5,150,27,149
55,100,2,80
5,99,4,36
20,300,41,80
20,150,51,209
52,200,51,279
53,300,37,148
25,180,4,159
46,250,20,289
20,150,51,339
44,300,20,120
12,399,42,204
53,350,20,155
46,250,49,240
20,150,51,109
13,200,25,170
13,200,39,220
30,200,25,255
54,300,43,260
54,200,21,210
13,150,24,175
44,400,25,215
44,251,16,195
44,200,29,330
13,180,4,179
13,150,37,238
44,200,4,195
17,150,51,189
20,150,51,209
5,200,25,265
59,399,42,274
44,650,1,180
44,280,32,139
45,450,4,169
53,250,22,325
20,200,25,145
20,180,4,149
62,200,51,148
46,400,44,215
5,200,22,249
21,150,20,149
21,300,20,299
5,300,15,99
44,300,20,149
25,350,17,120
13,300,25,200
13,300,25,200
65,350,42,209
13,150,17,90
13,300,44,65
46,500,20,135
5,150,27,125
44,300,44,124
44,300,20,159
44,99,22,70
49,300,22,140
27,300,25,339
46,300,25,349
3,450,46,100
58,150,52,32
53,300,27,30
44,300,20,179
44,200,36,80
54,150,25,90
20,400,21,220
44,200,25,195
5,200,5,215
59,399,42,224
54,200,4,190
13,200,22,225
44,150,4,170
13,300,43,240
20,450,4,159
58,300,50,80
5,100,21,135
44,300,22,215
53,300,20,299
44,300,20,160
53,175,20,230
5,175,20,199
5,175,20,160
25,175,20,150
44,200,21,270
6,300,25,150
25,175,20,219
5,150,27,125
44,300,22,95
44,200,21,170
44,250,27,55
25,300,20,160
14,200,25,130
25,200,25,189
25,250,20,45
13,200,51,189
44,400,21,205
44,250,53,180
13,300,22,180
20,150,53,195
54,150,4,170
25,250,27,160
59,399,42,214
13,200,39,180
44,300,43,220
44,280,32,99
48,200,13,229
44,300,20,180
44,150,37,134
54,200,21,120
44,250,54,110
12,130,27,97
44,280,32,129
54,300,43,240
44,200,4,175
44,350,20,235
13,300,20,245
54,200,25,185
25,300,27,120
13,150,37,220
54,200,25,150
17,300,37,200
44,150,4,170
22,300,22,180
44,200,29,275
5,130,27,130
25,150,27,250
25,100,22,140
20,150,53,205
44,280,32,149
44,200,5,215
54,150,49,150
53,300,41,160
7,1000,1,750
49,300,43,255
44,150,43,290
49,300,22,215
45,150,21,70
54,200,22,255
12,350,17,280
13,250,4,190
13,400,25,215
20,300,20,299
52,299,50,153
52,299,50,219
54,250,4,190
59,299,50,133
54,350,29,235
13,300,37,200
5,400,4,214
49,100,25,50
13,150,4,200
44,251,16,185
25,300,27,159
20,100,2,90
53,150,25,90
54,200,22,245
5,150,37,189
54,200,25,150
44,300,37,190
17,150,53,185
13,300,43,220
44,200,25,175
44,200,4,160
54,200,39,200
59,399,42,249
13,199,20,176
44,150,24,130
44,300,20,145
44,280,32,99
44,300,20,170
61,10,20,140
5,150,27,149
44,350,21,205
20,180,4,169
53,100,20,66
13,200,51,148
25,200,25,199
54,150,25,100
59,399,42,204
25,100,2,80
32,100,27,109
32,250,10,185
53,99,4,85
53,150,2,200
33,400,21,239
25,100,22,140
25,250,27,180
54,200,25,195
25,300,27,120
13,300,44,290
44,250,53,155
54,150,37,238
44,300,20,199
25,300,44,100
59,300,44,72
22,300,22,180
17,150,53,210
53,300,20,189
13,200,42,120
54,150,4,170
44,200,22,225
44,200,29,275
10,250,25,99
20,300,15,109
25,200,25,199
53,100,20,60
20,200,37,110
53,100,20,60
46,250,10,195
44,150,43,200
44,150,43,230
44,250,27,199
4,500,27,175
7,5,20,128
61,5,14,120
54,200,25,255
61,100,25,170
20,400,21,215
21,300,20,349
54,300,50,180
54,200,25,170
43,200,5,225
49,300,22,205
5,200,22,250
7,350,24,200
13,400,25,220
44,300,51,215
17,150,53,230
13,250,20,160
53,200,20,179
53,150,2,240
54,200,20,99
44,399,42,299
25,250,20,90
44,280,32,139
44,250,27,195
44,200,29,280
54,250,27,170
44,200,21,349
54,200,21,210
44,150,43,280
5,150,51,339
65,150,51,209
32,250,10,175
20,250,49,189
7,400,1,499
13,450,27,149
25,400,25,205
44,200,5,220
44,250,27,120
59,300,44,110
44,150,43,250
53,350,25,250
44,150,27,49
25,150,27,140
53,250,22,209
49,300,22,235
44,300,20,165
44,280,32,129
44,150,43,300
25,250,20,289
13,300,27,120
33,400,1,569
12,200,4,195
39,400,1,199
13,300,43,235
21,300,20,299
53,100,20,50
58,150,27,140
12,300,43,224
44,150,43,260
51,180,20,299
15,400,25,170
57,450,26,180
20,300,1,139
66,450,26,560
58,300,44,240
17,100,42,121
7,100,52,45
5,500,1,110
5,190,20,115
44,200,29,200
5,500,1,95
44,300,20,199
5,100,2,70
44,150,53,180
30,200,25,155
61,100,4,60
44,300,43,244
13,199,20,221
44,300,20,160
44,150,43,280
44,150,43,200
53,300,43,195
44,150,43,290
58,100,25,170
44,300,43,319
5,300,20,170
20,300,20,349
44,200,51,229
13,200,5,220
13,300,50,180
44,300,37,240
30,399,42,299
13,200,22,255
44,200,39,220
48,300,47,275
44,200,29,260
13,300,22,205
13,150,53,215
54,200,25,225
5,250,54,200
53,300,20,165
44,200,21,189
44,300,20,149
5,300,20,140
54,300,43,230
44,350,21,110
13,251,16,170
13,399,42,239
44,300,43,224
25,300,49,179
54,120,21,300
44,300,20,149
17,200,53,35
25,300,20,349
49,300,43,195
59,200,20,119
13,300,25,200
52,355,24,250
44,100,42,89
13,150,4,50
58,100,39,40
25,248,45,49
53,200,51,185
5,400,20,214
17,500,10,185
54,200,22,75
54,200,4,50
5,100,29,60
58,120,30,380
53,120,30,190
9,400,43,110
17,200,20,399
20,400,43,57
57,450,26,250
4,500,27,225
44,399,42,109
5,200,37,160
17,300,20,80
34,355,24,210
52,355,24,400
15,500,25,175
20,500,6,170
5,800,20,385
45,319,20,345
54,150,21,55
44,100,42,93
5,150,43,60
5,220,20,199
5,89,24,179
44,300,20,245
46,1000,12,310
17,200,21,160
5,2,49,120
20,200,37,75
17,200,25,100
55,500,49,170
17,800,20,250
12,399,42,150
59,200,20,89
54,150,4,80
45,500,20,176
3,200,22,189
24,400,21,220
3,900,39,65
17,200,22,399
3,400,25,159
36,400,42,225
24,150,23,549
15,400,20,415
17,200,22,119
17,300,25,648
17,800,20,290
17,250,1,239
65,400,20,358
20,250,31,65
53,250,10,100
53,250,4,45
17,50,30,48
58,200,4,115
17,500,10,185
27,1000,12,250
21,300,45,159
3,500,37,400
5,89,24,239
5,750,22,199
32,200,27,119
13,300,43,120
60,450,26,220
57,450,26,449
5,400,20,286
5,400,20,286
18,500,20,400
17,200,3,170
3,450,46,240
54,200,27,70
5,250,10,79
5,2,49,75
3,600,23,370
21,200,28,89
5,200,28,89
54,200,4,50
54,150,23,110
13,150,27,85
54,300,50,70
30,200,25,105
54,150,53,93
12,300,51,80
44,150,22,120
54,250,4,80
13,300,2,75
54,200,22,115
54,200,52,120
54,300,20,147
44,350,21,110
44,150,11,88
61,10,20,133
44,300,2,70
54,150,27,85
54,137,25,128
5,200,29,119
40,250,21,122
5,149,27,15
27,600,22,219
53,300,20,175
5,200,29,115
54,350,21,120
54,137,25,148
25,180,4,109
25,175,20,140
53,175,20,130
25,100,4,60
32,100,27,69
13,250,8,130
25,250,20,35
25,200,25,169
44,300,20,160
49,300,43,235
44,150,43,230
58,75,39,71
44,300,47,130
53,200,4,125
44,200,21,189
54,150,3,80
53,350,20,199
54,137,25,148
54,350,21,110
5,200,29,139
54,150,23,80
54,100,24,65
44,300,37,90
54,300,50,80
12,150,2,90
44,200,25,70
54,250,54,110
44,500,4,100
13,400,21,70
13,150,4,80
30,200,25,105
17,150,53,95
5,200,49,75
54,200,4,74
54,150,49,85
54,200,5,96
54,200,27,55
54,150,11,81
54,150,21,90
54,150,22,99
54,400,17,65
54,300,46,124
54,250,2,87
65,1000,25,368
20,300,41,80
4,500,27,169
25,150,37,52
44,280,32,79
58,75,39,71
25,150,21,75
3,450,46,145
5,150,25,175
3,450,46,195
5,398,20,169
46,1000,12,570
17,250,1,399
53,150,25,120
15,300,37,148
17,100,42,119
27,180,20,229
27,300,40,65
24,500,20,240
3,450,46,305
44,100,42,85
44,100,42,85
17,200,21,160
27,1000,12,320
21,200,27,229
53,220,20,299
27,180,20,299
5,220,20,299
63,750,22,189
5,300,10,200
17,250,10,199
15,800,20,320
17,200,28,259
27,1000,12,370
44,300,10,120
5,250,10,259
65,500,20,239
5,200,22,75
17,800,20,100
17,250,10,300
32,250,10,300
24,250,10,259
53,299,51,119
5,220,20,199
27,180,20,299
51,180,20,199
32,89,24,399
24,400,42,225
13,300,25,250
13,300,25,250
45,500,25,1000
5,190,20,139
44,150,4,140
54,300,37,250
44,500,4,188
54,150,24,140
40,300,25,150
54,300,43,220
54,150,4,175
44,250,27,100
25,400,25,170
44,250,53,190
53,200,3,140
24,450,26,365
46,300,6,625
17,400,20,333
17,200,53,60
53,150,20,185
58,200,4,102
3,250,4,70
17,100,42,85
9,500,38,190
54,300,25,229
5,300,20,239
17,400,2,399
53,400,1,200
65,400,1,200
34,300,20,190
53,300,21,50
58,250,25,125
58,250,25,145
54,200,25,60
44,199,20,91
48,100,1,25
25,175,20,130
5,200,22,240
44,300,43,205
3,120,30,10
32,120,30,220
17,120,30,110
46,120,30,44
9,400,20,290
25,50,49,70
44,100,42,471
33,300,21,265
54,300,21,255
5,300,25,240
54,100,14,70
5,300,25,90
5,175,20,40
17,100,42,93
13,300,37,65
20,300,41,254
20,300,41,220
5,300,41,200
12,200,51,119
15,300,37,250
54,149,20,290
54,150,4,80
43,200,5,110
13,250,54,70
13,200,29,60
44,150,4,40
44,150,24,35
53,150,42,77
53,150,2,65
73,300,24,190
13,300,25,240
53,200,4,223
17,250,51,352
17,200,53,120
17,250,51,176
17,200,3,140
58,150,42,19
12,300,20,200
54,500,4,95
54,150,25,90
54,250,2,87
7,300,21,300
53,300,21,250
54,300,25,460
54,250,10,180
13,250,10,300
54,300,25,380
54,250,10,90
13,250,10,150
53,250,23,189
33,250,23,189
7,300,24,425
46,500,20,314
44,500,20,210
53,200,1,129
25,250,20,249
13,300,44,110
4,500,27,300
3,200,1,129
59,300,44,200
54,149,20,285
54,300,5,280
25,150,37,260
25,250,20,249
25,150,37,260
25,150,37,260
54,350,24,250
44,250,20,290
7,300,5,280
7,300,5,250
54,149,20,240
25,150,37,208
54,299,4,191
25,150,37,208
25,150,37,208
54,300,21,205
7,300,5,245
54,299,4,145
54,299,4,33
64,500,27,300
54,400,29,260
4,500,27,300
13,250,20,290
54,300,21,255
44,300,47,450
7,400,29,240
54,300,24,295
25,450,1,143
54,300,21,230
7,250,37,220
54,300,5,250
25,150,37,221
25,150,37,221
44,300,5,255
44,300,47,410
54,149,20,280
59,299,50,200
25,300,44,150
7,300,5,240
7,250,37,320
7,250,37,220
13,300,44,200
54,300,5,280
54,400,29,260
54,300,21,255
54,299,4,256
59,300,44,72
5,400,21,258
59,500,27,300
44,300,47,430
54,299,4,241
25,150,37,260
54,300,21,255
44,500,20,305
25,150,37,260
64,500,27,300
54,149,20,195
25,150,37,195
54,300,21,185
54,149,20,195
54,299,4,176
25,150,37,195
25,150,37,195
52,300,44,255
54,149,20,290
7,350,24,350
54,300,21,330
59,300,44,120
52,300,1,318
44,300,29,269
54,299,4,307
54,149,20,349
17,100,42,121
12,300,43,174
21,300,45,129
54,150,5,80
32,200,27,99
5,200,50,50
24,150,43,50
44,300,43,105
44,150,4,70
44,150,17,80
53,220,20,199
53,100,37,89
59,500,1,110
5,100,37,85
13,399,42,239
52,300,25,190
13,180,4,149
15,1000,25,143
54,500,4,88
36,150,20,149
20,300,20,349
53,99,4,60
20,300,15,99
53,300,20,139
44,300,41,200
53,700,24,326
13,300,43,235
5,150,37,214
32,200,42,120
5,200,25,195
30,399,42,189
54,251,16,180
44,300,20,179
5,200,39,150
44,300,51,215
13,150,4,155
54,100,22,110
5,150,24,160
54,150,53,205
12,399,42,214
53,150,42,166
58,300,43,220
44,150,4,150
53,500,25,250
13,150,24,165
13,200,5,220
5,200,39,200
44,200,25,170
12,399,42,284
13,300,50,180
44,300,20,159
54,199,20,241
13,150,53,230
5,200,25,255
44,400,25,205
44,300,43,240
54,300,43,235
54,200,25,165
59,399,42,199
13,350,24,170
13,200,25,150
17,150,53,195
44,200,22,220
13,130,27,117
53,150,42,186
54,300,50,170
54,300,37,200
44,150,4,150
54,200,5,210
17,400,21,205
44,199,20,169
54,100,22,110
44,300,20,149
54,250,54,220
13,251,16,185
44,200,21,269
44,150,2,200
44,300,20,140
54,200,25,150
44,150,37,183
54,150,53,180
13,299,50,147
44,300,50,120
44,399,42,224
54,300,43,220
54,150,42,166
54,251,16,170
30,200,25,165
54,199,20,169
44,150,4,150
53,300,20,99
53,99,4,69
13,150,2,200
54,100,22,110
5,200,22,240
25,250,27,130
5,220,20,229
13,200,22,225
54,200,4,155
54,150,53,200
44,300,20,179
5,220,20,279
5,99,4,60
5,300,15,109
27,500,38,225
7,450,27,139
44,400,25,190
17,200,5,215
15,800,20,220
44,300,43,235
25,100,22,110
46,500,22,150
5,450,20,325
7,300,25,390
1,400,21,189
40,200,51,279
3,200,51,119
46,450,4,69
54,200,13,249
53,300,40,135
14,200,25,120
25,100,21,125
57,450,26,615
17,300,51,65
44,100,42,324
44,100,42,173
44,100,42,161
17,200,46,225
3,450,26,65
17,400,21,88
3,200,1,80
25,200,25,179
54,300,25,419
54,350,21,230
44,150,53,180
13,200,22,219
25,400,25,190
5,150,24,135
54,200,21,175
54,120,21,300
17,450,46,110
3,450,46,110
25,150,21,65
54,250,37,30
32,250,10,220
5,250,10,179
17,200,22,219
9,500,49,650
8,500,49,600
8,500,49,600
17,200,22,75
17,1000,12,350
45,500,38,258
34,5,20,33
4,5,20,153
44,5,14,110
13,5,20,118
58,300,43,132
17,100,42,324
17,100,42,162
17,300,44,180
58,300,20,170
3,150,52,310
58,75,39,71
44,100,42,85
32,200,27,119
46,250,10,80
54,150,53,105
54,150,4,60
44,250,53,100
5,300,15,129
17,250,10,79
53,150,1,50
5,200,50,55
5,2,49,70
15,800,20,290
32,200,27,59
30,399,42,599
58,200,4,189
25,200,25,179
44,300,20,199
5,300,20,80
44,100,42,85
32,100,27,69
17,100,42,362
44,100,42,199
53,250,10,149
9,600,20,445
5,200,51,319
46,400,20,260
53,200,53,150
17,300,37,230
17,200,46,220
17,500,9,249
17,200,46,235
53,150,30,58
24,500,20,320
17,450,26,110
3,500,20,185
5,400,20,286
53,300,30,160
17,100,42,188
17,100,42,170
44,100,42,85
17,100,42,85
17,100,42,85
44,100,42,85
17,100,42,85
58,100,39,40
20,150,1,95
7,400,43,369
17,450,20,310
5,200,25,245
20,450,20,180
5,150,51,145
62,200,51,129
5,150,51,299
5,150,27,95
17,150,51,139
59,200,20,99
13,200,51,169
13,300,25,180
4,150,51,84
44,200,21,230
13,200,51,129
20,150,51,138
44,150,4,180
52,299,50,190
13,150,24,135
13,300,50,170
20,150,51,165
34,300,25,360
65,1000,25,450
44,300,25,135
44,150,27,115
3,500,27,395
17,500,27,355
3,500,27,695
3,500,27,635
27,300,25,89
17,400,20,400
3,900,39,100
44,250,54,95
13,150,4,90
5,249,45,69
5,249,45,79
3,300,21,480
3,300,21,450
3,600,23,460
44,300,43,254
12,300,43,175
20,300,1,215
53,300,20,110
44,300,22,95
25,200,25,179
25,100,4,60
64,500,27,175
13,180,4,139
44,300,20,150
44,150,2,230
13,400,25,170
5,200,39,190
58,100,25,150
61,200,4,419
13,300,25,180
44,200,21,319
12,150,53,135
13,300,43,110
53,220,20,139
65,180,20,149
13,350,24,240
17,200,53,120
17,300,1,199
17,250,10,195
12,399,42,119
46,450,4,169
9,400,43,57
32,200,50,35
53,300,41,100
18,500,22,135
5,200,46,220
17,200,46,285
17,1000,12,70
17,500,10,185
17,500,20,450
24,500,20,1600
54,300,20,55
44,300,43,121
53,200,25,115
13,250,54,20
25,300,20,120
53,200,35,72
54,200,35,78
53,200,35,66
54,300,43,125
3,500,20,400
15,800,20,280
5,200,49,60
13,100,52,89
53,200,35,72
13,300,43,155
58,250,20,145
44,100,42,76
17,100,42,121
44,150,53,54
54,150,22,79
27,500,38,258
44,250,54,20
54,200,21,35
53,500,49,450
13,200,20,229
44,200,20,199
53,200,20,120
65,400,43,499
54,150,4,30
27,1000,12,60
27,500,38,258
5,1000,12,340
36,450,13,159
17,200,20,210
17,200,2,130
3,200,2,150
5,300,15,119
8,500,49,140
17,400,21,90
58,400,4,233
5,150,27,95
58,200,4,172
12,150,53,160
3,450,26,165
58,300,27,130
58,200,3,160
58,150,53,140
25,300,20,205
12,150,53,140
3,249,25,30
17,400,21,61
17,50,30,48
15,220,20,139
3,150,2,100
17,500,10,185
12,150,52,102
46,300,25,289
17,150,51,229
65,400,1,260
20,300,41,160
53,400,1,280
53,300,41,160
17,150,51,408
65,150,51,169
5,300,41,120
66,450,26,550
25,180,4,139
13,250,38,299
32,250,10,140
24,300,10,139
17,250,10,140
54,300,43,305
58,200,20,169
25,150,30,60
20,300,20,140
44,300,20,149
13,400,25,85
48,200,21,220
30,399,42,69
25,200,25,189
59,200,20,80
44,200,21,160
14,200,25,95
53,300,20,165
44,300,20,149
5,300,20,140
17,100,42,121
13,200,20,149
44,300,20,149
44,300,20,139
53,100,2,80
53,100,2,14
58,200,4,90
54,500,1,110
17,400,21,114
58,300,25,729
17,400,20,286
5,89,24,219
5,89,24,159
20,200,51,499
62,200,51,499
58,200,4,70
13,150,27,80
24,300,6,429
54,300,43,76
46,450,20,350
15,1000,25,499
53,700,24,1425
17,400,30,251
10,400,30,159
17,400,30,189
5,400,30,185
9,400,30,209
5,400,30,385
17,400,30,180
34,300,25,240
32,250,31,15
13,300,25,120
49,100,25,30
12,300,43,245
53,300,43,319
53,300,43,319
44,150,43,200
44,150,43,210
25,175,20,50
13,350,24,130
54,200,27,99
54,200,27,59
44,200,25,140
40,120,25,69
61,250,27,199
25,150,27,300
25,300,49,189
25,150,27,280
44,200,21,269
20,200,25,160
13,5,20,163
20,5,20,133
17,1000,12,430
49,300,43,235
49,300,43,235
53,300,43,175
17,800,20,170
54,150,23,20
54,150,23,75
53,500,4,249
5,250,31,50
34,5,20,123
25,10,20,107
13,100,2,60
32,100,27,79
54,100,14,30
5,175,20,110
53,300,15,119
5,500,22,135
53,250,22,154
44,180,37,90
30,399,42,109
25,300,20,70
54,250,29,50
58,300,20,60
20,300,20,80
58,75,39,71
59,399,42,119
46,450,4,119
25,200,25,159
44,100,42,98
48,200,4,170
44,200,21,90
54,150,3,90
15,220,20,149
53,350,20,79
44,150,20,169
20,300,1,199
7,5,14,90
34,5,20,98
62,200,20,109
5,150,21,65
58,75,39,60
5,200,22,55
27,180,20,169
51,220,20,159
55,100,2,70
54,180,37,90
15,800,20,220
25,300,37,148
20,300,1,179
7,5,14,100
13,5,20,108
5,400,51,230
17,800,20,300
27,180,20,169
15,220,20,149
44,500,4,88
54,350,51,105
54,200,21,90
54,137,25,125
54,100,2,50
44,300,37,80
54,200,25,95
13,300,50,75
5,100,5,50
44,150,37,85
13,150,5,80
7,100,52,50
13,100,52,49
13,200,25,65
44,150,4,70
44,300,50,45
13,200,5,73
12,1000,43,60
44,200,22,95
54,200,27,55
54,200,36,62
54,150,24,75
12,300,51,80
54,200,4,68
13,150,53,78
54,250,54,90
54,150,22,109
44,199,20,91
54,250,2,63
13,150,27,65
54,100,30,83
54,300,46,119
54,180,37,100
54,200,30,90
65,250,20,283
44,250,27,189
17,450,46,185
25,175,20,50
62,200,20,129
17,200,51,119
5,200,37,160
52,200,51,249
40,250,21,36
25,175,20,105
27,300,40,135
44,100,42,93
17,200,1,48
5,175,20,50
25,175,20,50
54,100,24,65
25,200,27,55
17,100,42,85
58,100,25,149
12,300,43,519
27,1000,12,270
5,300,20,199
17,1000,12,360
27,1000,12,410
5,250,49,220
13,400,27,380
3,200,22,439
17,350,40,225
5,2,49,80
20,200,37,75
5,89,24,179
17,500,10,185
15,800,20,300
17,250,10,139
17,100,42,81
17,300,20,120
54,150,4,145
54,150,23,60
5,250,10,140
3,500,20,300
27,300,25,89
3,500,37,400
17,400,21,40
5,398,20,169
17,400,21,40
55,200,52,80
3,500,27,335
17,500,27,305
3,500,27,605
3,500,27,545
5,350,40,280
66,450,26,220
17,150,53,120
63,750,22,249
5,170,38,92
20,250,31,75
17,200,25,70
59,399,42,144
44,150,27,85
24,500,20,400
13,150,4,75
54,150,4,70
3,600,37,409
5,200,51,149
3,200,20,239
5,350,40,225
17,300,20,80
3,400,20,400
53,200,1,466
3,250,23,579
3,900,39,65
3,450,26,489
17,400,21,161
24,250,10,165
42,800,44,300
53,350,40,280
60,450,26,275
3,300,21,420
3,600,23,390
3,300,21,450
32,250,31,80
27,700,33,525
49,200,13,239
20,200,2,60
7,250,25,75
13,200,25,50
44,150,4,50
12,399,42,109
17,1000,12,350
21,500,25,300
53,300,52,100
3,500,4,249
3,500,4,249
17,200,25,100
17,300,20,120
58,150,53,135
44,100,42,168
25,300,50,30
44,650,1,220
24,250,10,85
54,300,43,230
17,150,53,220
12,399,42,274
13,200,22,240
54,251,16,190
44,650,1,220
48,300,47,143
44,300,50,30
53,200,4,33
58,150,27,42
17,100,42,168
17,300,20,80
13,300,25,160
17,300,25,160
52,300,25,140
44,399,42,69
54,120,21,300
5,200,28,45
21,200,28,45
13,300,25,220
17,100,42,85
49,300,43,470
54,5,20,258
53,300,41,140
3,900,39,90
17,100,42,76
5,175,20,110
5,350,20,125
53,175,20,199
53,175,20,219
53,175,20,115
40,120,25,69
5,175,20,100
53,200,43,90
17,200,46,499
17,200,46,130
54,250,29,20
54,350,29,38
54,150,23,25
46,500,9,185
17,400,20,190
3,250,1,399
5,250,1,409
44,300,20,70
20,70,18,40
5,300,25,390
17,250,10,200
17,350,49,195
3,500,37,420
55,200,52,80
3,900,39,100
53,200,1,466
24,450,26,360
17,500,10,185
23,400,1,429
46,500,33,325
7,5,14,220
34,5,20,228
59,250,8,100
45,500,25,300
65,250,20,375
65,300,25,277
9,600,20,375
9,600,20,399
65,1000,20,125
36,400,42,225
17,150,27,45
65,150,51,199
46,1000,12,140
65,1000,25,683
32,100,27,259
53,300,41,260
55,250,25,277
13,200,20,175
15,400,51,241
55,250,25,267
17,700,44,800
63,750,22,199
51,220,20,119
5,200,37,160
32,250,31,65
3,300,21,430
3,600,23,520
3,300,21,410
3,400,24,499
54,137,25,210
32,200,27,79
13,150,4,55
61,250,27,49
53,300,20,75
9,500,20,171
53,200,53,80
5,250,31,25
32,200,50,35
13,5,20,48
2,200,20,99
13,300,25,120
54,200,21,30
32,200,50,35
5,2,49,70
7,300,21,90
32,2,49,70
17,500,20,160
5,175,20,102
5,300,15,99
53,300,30,80
54,250,29,20
17,50,30,52
46,300,37,148
27,1000,12,280
54,150,4,125
54,400,21,84
44,250,20,80
53,100,2,45
13,300,20,150
25,10,20,110
44,150,20,149
25,150,30,50
54,250,29,60
13,150,37,55
5,100,5,35
9,150,51,119
4,150,51,115
3,500,9,129
2,200,20,129
5,300,15,79
5,750,22,149
53,300,20,130
53,300,41,90
5,450,20,180
13,300,25,120
13,200,9,125
24,300,40,145
5,150,25,119
53,300,20,169
17,800,20,150
5,200,37,160
59,300,44,150
13,300,44,124
5,200,20,129
3,200,1,436
53,300,20,199
20,300,20,30
44,650,1,260
53,300,22,260
44,300,5,130
53,300,22,130
27,500,38,204
3,600,37,484
53,200,1,105
5,300,51,219
53,300,51,119
17,200,46,499
5,200,46,220
17,200,46,130
45,319,20,336
5,400,20,238
5,300,30,150
21,800,44,210
46,1000,12,190
44,350,20,155
5,2,49,80
5,2,49,70
25,200,27,80
44,300,20,90
8,500,49,650
9,150,51,299
20,150,51,199
27,250,25,325
20,150,51,369
53,200,39,85
44,300,20,135
53,300,20,149
12,150,53,110
17,200,53,70
44,200,49,40
12,399,42,59
54,200,27,160
44,100,30,50
40,250,21,73
5,100,21,70
5,300,20,80
13,250,30,299
13,250,30,370
17,250,30,309
46,500,33,450
53,400,21,99
44,150,27,105
44,150,27,45
44,150,48,99
44,399,42,144
44,200,5,110
13,150,4,80
44,250,53,55
44,150,2,60
54,400,21,50
54,150,4,40
13,150,24,35
53,150,42,70
17,170,38,125
54,300,25,210
53,149,27,25
54,350,24,220
37,100,30,80
52,300,1,338
25,300,1,148
52,350,24,200
54,150,20,109
5,300,27,269
9,600,20,239
4,250,8,105
40,250,21,128
40,250,21,128
59,300,44,273
59,300,44,150
5,100,52,49
58,200,4,115
25,150,21,75
32,2,49,120
32,89,24,239
5,89,24,179
55,200,52,80
55,200,52,85
17,250,10,140
21,200,27,259
3,300,21,430
3,300,21,420
3,600,23,390
32,250,31,80
17,250,2,130
17,450,20,260
46,500,9,259
3,600,37,505
5,170,38,180
25,300,25,716
3,900,39,750
46,400,20,270
27,300,20,250
5,750,22,189
17,800,20,250
5,300,41,140
5,400,22,75
17,700,44,162
3,300,27,749
24,200,20,489
46,300,20,35
27,300,20,35
9,350,42,119
52,230,27,130
7,300,21,90
44,200,22,255
25,300,20,149
44,300,20,170
40,120,25,75
17,1000,1,300
53,200,52,30
54,200,52,45
7,100,52,45
58,100,39,40
53,200,4,142
58,100,39,40
44,100,42,94
17,400,21,103
54,300,20,75
54,150,4,32
54,150,21,30
13,250,37,50
5,100,52,89
54,150,23,40
25,150,30,32
54,150,4,35
54,200,4,38
54,200,30,90
54,150,22,79
54,200,4,45
54,150,23,60
54,200,22,75
54,250,25,145
5,250,25,155
7,100,52,30
44,400,21,65
54,150,22,94
44,100,42,67
44,100,42,67
17,100,42,67
17,100,42,86
44,100,42,393
17,100,42,89
25,100,21,135
5,500,25,430
21,500,25,350
36,450,13,169
54,200,4,42
54,400,21,69
53,300,49,40
54,200,29,45
53,200,53,150
